   ,     #_
   ~\_  ####_        Amazon Linux 2023
  ~~  \_#####\
  ~~     \###|
  ~~       \#/ ___   https://aws.amazon.com/linux/amazon-linux-2023
   ~~       V~' '->
    ~~~         /
      ~~._.   _/
         _/ _/
       _/m/'
Last login: Mon Mar 27 15:52:31 2023 from 18.206.107.28
[ec2-user@ip-10-1-10-72 ~]$ mysql --version
mysql  Ver 15.1 Distrib 10.5.16-MariaDB, for Linux (x86_64) using  EditLine wrapper
[ec2-user@ip-10-1-10-72 ~]$ mysql -u admin -p -h udacityreplicadb.cfrsxmkvhir1.us-east-1.rds.amazonaws.com -P 3306
Enter password: 
Welcome to the MariaDB monitor.  Commands end with ; or \g.
Your MySQL connection id is 10
Server version: 8.0.28 Source distribution

Copyright (c) 2000, 2018, Oracle, MariaDB Corporation Ab and others.

Type 'help;' or '\h' for help. Type '\c' to clear the current input statement.

MySQL [(none)]> show databases;
+--------------------+
| Database           |
+--------------------+
| information_schema |
| mysql              |
| performance_schema |
| sys                |
| udacity            |
+--------------------+
5 rows in set (0.003 sec)

MySQL [(none)]> use udacity;
Reading table information for completion of table and column names
You can turn off this feature to get a quicker startup with -A

Database changed
MySQL [udacity]> show tables;
+-------------------+
| Tables_in_udacity |
+-------------------+
| person            |
+-------------------+
1 row in set (0.002 sec)

MySQL [udacity]> select *from person
    -> ;
+----------------+----------+------+------------+
| name           | address  | sex  | birth      |
+----------------+----------+------+------------+
| Luong Van Linh | Viet Nam | m    | 1998-03-30 |
+----------------+----------+------+------------+
1 row in set (0.004 sec)

MySQL [udacity]> insert into person values ('Le Van Linh', 'Viet Nam', 'm', '1998-03-30');
Query OK, 1 row affected (0.007 sec)

MySQL [udacity]> select *from person
    -> ;
+----------------+----------+------+------------+
| name           | address  | sex  | birth      |
+----------------+----------+------+------------+
| Luong Van Linh | Viet Nam | m    | 1998-03-30 |
| Le Van Linh    | Viet Nam | m    | 1998-03-30 |
+----------------+----------+------+------------+
2 rows in set (0.001 sec)

MySQL [udacity]> Ctrl-C -- exit!
Aborted